<?xml version="1.0" encoding="UTF-8"?><Broker>
<CompiledApplication>
<ConfigurableProperty uri="startMode"/>
<ConfigurableProperty uri="javaIsolation"/>
</CompiledApplication>
<CompiledMessageFlow name="Transformation_ESQL">
<ConfigurableProperty uri="Transformation_ESQL#additionalInstances"/>
<ConfigurableProperty uri="Transformation_ESQL#notificationThresholdMsgsPerSec"/>
<ConfigurableProperty uri="Transformation_ESQL#maximumRateMsgsPerSec"/>
<ConfigurableProperty uri="Transformation_ESQL#processingTimeoutSec"/>
<ConfigurableProperty uri="Transformation_ESQL#processingTimeoutAction"/>
<ConfigurableProperty uri="Transformation_ESQL#wlmPolicy"/>
<ConfigurableProperty uri="Transformation_ESQL#commitCount"/>
<ConfigurableProperty uri="Transformation_ESQL#commitInterval"/>
<ConfigurableProperty uri="Transformation_ESQL#coordinatedTransaction"/>
<ConfigurableProperty uri="Transformation_ESQL#consumerPolicySet"/>
<ConfigurableProperty uri="Transformation_ESQL#providerPolicySet"/>
<ConfigurableProperty uri="Transformation_ESQL#consumerPolicySetBindings"/>
<ConfigurableProperty uri="Transformation_ESQL#providerPolicySetBindings"/>
<ConfigurableProperty uri="Transformation_ESQL#securityProfileName"/>
<ConfigurableProperty uri="Transformation_ESQL#monitoringProfile"/>
<ConfigurableProperty uri="Transformation_ESQL#startMode"/>
<ConfigurableProperty uri="Transformation_ESQL#startInstancesWhenFlowStarts"/>
<ConfigurableProperty uri="Transformation_ESQL#Compute.dataSource"/>
<ConfigurableProperty uri="Transformation_ESQL#Compute.connectDatasourceBeforeFlowStarts"/>
<ConfigurableProperty uri="Transformation_ESQL#Compute.validateMaster"/>
<ConfigurableProperty override="/Transformation_ESQL" uri="Transformation_ESQL#HTTP Input.URLSpecifier"/>
<ConfigurableProperty uri="Transformation_ESQL#HTTP Input.useHTTPS"/>
<ConfigurableProperty uri="Transformation_ESQL#HTTP Input.decompressInputMessage"/>
<ConfigurableProperty uri="Transformation_ESQL#HTTP Input.timeoutForClient"/>
<ConfigurableProperty uri="Transformation_ESQL#HTTP Input.faultFormat"/>
<ConfigurableProperty uri="Transformation_ESQL#HTTP Input.validateMaster"/>
<ConfigurableProperty uri="Transformation_ESQL#HTTP Input.securityProfileName"/>
<ConfigurableProperty uri="Transformation_ESQL#HTTP Reply.validateMaster"/>
</CompiledMessageFlow>
</Broker>